Sample number,HP0.0.4,HP0.4.4,HP0.6.4,HP0.10.4
1,4.0006876377204375,0.04593966635593314,0.10810259070269133,0.17407839587355653
2,3.66584343346912,0.016441747023651893,0.14068238324410695,0.06561453340498478
3,3.0083959081398746,-0.10927712938753834,0.021078549060248638,0.17959013217217445
Average,3.5583089931098106,-0.015631905335984433,0.08995450766901564,0.13976102048357192
