Sample number,HP0.0.4,HP0.4.4,HP0.6.4,HP0.10.4
1,-0.022917930181878786,6.100180566049202,6.429758694263046,9.46425808843719
2,-0.24409355137835806,6.112748589877513,7.340945243670449,10.313199606911278
3,-0.9708754168924632,6.4426401162390485,7.845369142602268,10.597937234257435
Average,-0.4126289661509,6.218523090721921,7.205357693511921,10.125131643201968
