Compared Sample,HP4.0.4,HP0.0.4,HP0.4.4,HP0.6.4,HP0.10.4
HP4.0.4,1.0,1.3024740998754846e-06,1.595515653072294e-06,4.408583469690777e-08,2.5752386283930763e-08
HP0.0.4,1.3024740998754846e-06,1.0,0.001197707396563916,0.00010711437367169129,0.00013181313065408815
HP0.4.4,1.5955156530720062e-06,0.0011977073965639112,1.0,0.11903793845764445,0.3961467303367459
HP0.6.4,4.4085834696951754e-08,0.00010711437367169129,0.11903793845764445,1.0,0.06496364486035983
HP0.10.4,2.5752386283966017e-08,0.00013181313065408815,0.3961467303367459,0.06496364486035983,1.0
