Compared Sample,HP4.0.4,HP0.0.4,HP0.4.4,HP0.6.4,HP0.10.4
HP4.0.4,1.0,0.00023021352100539844,0.0002612555951491205,0.00034691960659796294,0.0007684396543899708
HP0.0.4,0.00023021352100539844,1.0,0.07249690543264219,0.9156681912868073,0.0002838619451325814
HP0.4.4,0.0002612555951491205,0.07249690543264219,1.0,0.29707179863894156,0.0001169872647252357
HP0.6.4,0.00034691960659796023,0.9156681912868073,0.2970717986389416,1.0,0.003156760186373308
HP0.10.4,0.0007684396543899708,0.0002838619451325814,0.0001169872647252357,0.003156760186373308,1.0
