Compared Sample,HP4.0.4,HP0.0.4,HP0.4.4,HP0.6.4,HP0.10.4
HP4.0.4,1.0,0.052320840367779946,0.6056753799985392,0.8274775646208752,0.5099329862456996
HP0.0.4,0.052320840367779876,1.0,2.7351337783594416e-05,0.00011129321816539626,1.8838346554304806e-05
HP0.4.4,0.6056753799985392,2.7351337783594416e-05,1.0,0.08297957790477722,0.00040259075373118573
HP0.6.4,0.8274775646208752,0.00011129321816539626,0.08297957790477722,1.0,0.00552451225653158
HP0.10.4,0.5099329862456996,1.8838346554304806e-05,0.00040259075373118573,0.005524512256531558,1.0
