Sample number,HP0.0.4,HP0.4.4,HP0.6.4,HP0.10.4
1,13.936031016070064,5.504327438430295,5.246078151060558,5.795402648176785
2,12.457295809481325,7.209611965989372,5.86933412055583,6.278018137818702
3,12.78513157740408,7.51213928355205,5.178779213199645,6.310350043388562
Average,13.05948613431849,6.742026229323905,5.431397161605344,6.127923609794683
