Sample number,HP0.0.4,HP0.4.4,HP0.6.4,HP0.10.4
1,15.522980568241016,15.655432978194366,14.467942449315329,20.153129101188348
2,14.206300672662922,16.33388085122193,14.071811638252939,20.36021584024789
3,15.076562761019378,15.967940726122542,16.557859974661707,19.712222591818847
Average,14.935281333974439,15.985751518512947,15.032538020743324,20.075189177751696
